<datapower-configuration version="3"><export-details><description>Exported Configuration</description><user>jo2</user><domain>geonamesDomain</domain><comment/><product-id>719942X</product-id><product>XI50</product><display-product>XI52</display-product><model>DataPower XI50</model><display-model>DataPower XI52</display-model><device-name>DataPower XI52 Forum Mastemyr</device-name><serial-number>6800944</serial-number><firmware-version>XI50.7.1.0.1</firmware-version><display-firmware-version>XI52.7.1.0.1</display-firmware-version><firmware-build>253798</firmware-build><firmware-timestamp>2014/11/13 16:42:58</firmware-timestamp><current-date>2015-03-26</current-date><current-time>10:44:55 CET</current-time><reset-date>2015-03-06</reset-date><reset-time>18:19:51 CET</reset-time><login-message/><custom-ui-file>store:///login-message.xml</custom-ui-file><intrusion-detection>enable</intrusion-detection></export-details><interface-data><interface name="mgt0" type="Ethernet" vers="ipv4" ip-addr="10.33.5.62"/><interface name="eth10" type="Ethernet" vers="ipv4" ip-addr="10.33.5.63"/><interface name="eth11" type="Ethernet" vers="ipv4" ip-addr="10.33.5.65"/></interface-data><configuration domain="geonamesDomain"><URLMap name="default-attempt-stream-all" intrinsic="true" xmlns:env="http://www.w3.org/2003/05/soap-envelope" xmlns:dp="http://www.datapower.com/schemas/management">
<mAdminState>enabled</mAdminState>
<URLMapRule>
<Pattern>*</Pattern></URLMapRule></URLMap><CompileOptionsPolicy name="default-attempt-stream" intrinsic="true" xmlns:env="http://www.w3.org/2003/05/soap-envelope" xmlns:dp="http://www.datapower.com/schemas/management">
<mAdminState>enabled</mAdminState>
<XSLTVersion>XSLT10</XSLTVersion>
<Strict>off</Strict>
<TryStream class="URLMap">default-attempt-stream-all</TryStream>
<StackSize>524288</StackSize>
<WSIValidation>ignore</WSIValidation>
<WSDLValidateBody>strict</WSDLValidateBody>
<WSDLValidateHeaders>lax</WSDLValidateHeaders>
<WSDLValidateFaults>strict</WSDLValidateFaults>
<WSDLWrappedFaults>off</WSDLWrappedFaults>
<WSDLStrictSOAPVersion>off</WSDLStrictSOAPVersion>
<XACMLDebug>off</XACMLDebug></CompileOptionsPolicy><HTTPSourceProtocolHandler name="GeonamesHTTPFSH" xmlns:env="http://www.w3.org/2003/05/soap-envelope" xmlns:dp="http://www.datapower.com/schemas/management">
<mAdminState>enabled</mAdminState>
<LocalAddress>0.0.0.0</LocalAddress>
<LocalPort>8008</LocalPort>
<HTTPVersion>HTTP/1.1</HTTPVersion>
<AllowedFeatures>
<HTTP-1.0>on</HTTP-1.0>
<HTTP-1.1>on</HTTP-1.1>
<POST>on</POST>
<GET>on</GET>
<PUT>on</PUT>
<HEAD>off</HEAD>
<OPTIONS>off</OPTIONS>
<TRACE>off</TRACE>
<DELETE>off</DELETE>
<CONNECT>off</CONNECT>
<CustomMethods>off</CustomMethods>
<QueryString>on</QueryString>
<FragmentIdentifiers>on</FragmentIdentifiers>
<DotDot>off</DotDot>
<CmdExe>off</CmdExe></AllowedFeatures>
<PersistentConnections>on</PersistentConnections>
<MaxPersistentConnectionsReuse>0</MaxPersistentConnectionsReuse>
<AllowCompression>off</AllowCompression>
<AllowWebSocketUpgrade>off</AllowWebSocketUpgrade>
<WebSocketIdleTimeout>0</WebSocketIdleTimeout>
<MaxURLLen>16384</MaxURLLen>
<MaxTotalHdrLen>128000</MaxTotalHdrLen>
<MaxHdrCount>0</MaxHdrCount>
<MaxNameHdrLen>0</MaxNameHdrLen>
<MaxValueHdrLen>0</MaxValueHdrLen>
<MaxQueryStringLen>0</MaxQueryStringLen>
<CredentialCharset>protocol</CredentialCharset></HTTPSourceProtocolHandler><HTTPUserAgent name="default" intrinsic="true" xmlns:env="http://www.w3.org/2003/05/soap-envelope" xmlns:dp="http://www.datapower.com/schemas/management">
<mAdminState>enabled</mAdminState>
<UserSummary>Default User Agent</UserSummary>
<MaxRedirects>8</MaxRedirects>
<Timeout>300</Timeout></HTTPUserAgent><XMLManager name="default" intrinsic="true" xmlns:env="http://www.w3.org/2003/05/soap-envelope" xmlns:dp="http://www.datapower.com/schemas/management">
<mAdminState>enabled</mAdminState>
<UserSummary>Default XML-Manager</UserSummary>
<CacheSize>256</CacheSize>
<SHA1Caching>on</SHA1Caching>
<StaticDocumentCalls>on</StaticDocumentCalls>
<SearchResults>on</SearchResults>
<SupportTxWarn>off</SupportTxWarn>
<Memoization>on</Memoization>
<ParserLimitsBytesScanned>4194304</ParserLimitsBytesScanned>
<ParserLimitsElementDepth>512</ParserLimitsElementDepth>
<ParserLimitsAttributeCount>128</ParserLimitsAttributeCount>
<ParserLimitsMaxNodeSize>33554432</ParserLimitsMaxNodeSize>
<ParserLimitsForbidExternalReferences>on</ParserLimitsForbidExternalReferences>
<ParserLimitsExternalReferences>forbid</ParserLimitsExternalReferences>
<ParserLimitsMaxPrefixes>1024</ParserLimitsMaxPrefixes>
<ParserLimitsMaxNamespaces>1024</ParserLimitsMaxNamespaces>
<ParserLimitsMaxLocalNames>60000</ParserLimitsMaxLocalNames>
<DocCacheMaxDocs>5000</DocCacheMaxDocs>
<DocCacheSize>0</DocCacheSize>
<UserAgent class="HTTPUserAgent">default</UserAgent></XMLManager><Matching name="__default-accept-service-providers__" intrinsic="true" xmlns:env="http://www.w3.org/2003/05/soap-envelope" xmlns:dp="http://www.datapower.com/schemas/management">
<mAdminState>enabled</mAdminState>
<UserSummary>Match all messages.</UserSummary>
<MatchRules>
<Type>url</Type>
<HttpTag/>
<HttpValue/>
<Url>*</Url>
<ErrorCode/>
<XPATHExpression/>
<Method>default</Method>
<CustomMethod/></MatchRules>
<MatchWithPCRE>off</MatchWithPCRE>
<CombineWithOr>off</CombineWithOr></Matching><StylePolicyAction name="GeonamesPP_rule_request_gatewayscript_0" xmlns:env="http://www.w3.org/2003/05/soap-envelope" xmlns:dp="http://www.datapower.com/schemas/management">
<mAdminState>enabled</mAdminState>
<Type>gatewayscript</Type>
<Input>INPUT</Input>
<GatewayScriptLocation>local:///geonames.js</GatewayScriptLocation>
<ActionDebug persisted="false">off</ActionDebug>
<Output>dpvar_1</Output>
<NamedInOutLocationType>default</NamedInOutLocationType>
<Transactional>off</Transactional>
<SOAPValidation>body</SOAPValidation>
<SQLSourceType>static</SQLSourceType>
<Asynchronous>off</Asynchronous>
<ResultsMode>first-available</ResultsMode>
<RetryCount>0</RetryCount>
<RetryInterval>1000</RetryInterval>
<MultipleOutputs>off</MultipleOutputs>
<IteratorType>XPATH</IteratorType>
<Timeout>0</Timeout>
<MethodRewriteType>GET</MethodRewriteType>
<MethodType>POST</MethodType>
<MethodType2>POST</MethodType2></StylePolicyAction><StylePolicyAction name="GeonamesPP_rule_request_setvar_0" xmlns:env="http://www.w3.org/2003/05/soap-envelope" xmlns:dp="http://www.datapower.com/schemas/management">
<mAdminState>enabled</mAdminState>
<Type>setvar</Type>
<Input>dpvar_1</Input>
<ActionDebug persisted="false">off</ActionDebug>
<NamedInOutLocationType>default</NamedInOutLocationType>
<Variable>var://service/mpgw/skip-backside</Variable>
<Value>1</Value>
<Transactional>off</Transactional>
<SOAPValidation>body</SOAPValidation>
<SQLSourceType>static</SQLSourceType>
<Asynchronous>off</Asynchronous>
<ResultsMode>first-available</ResultsMode>
<RetryCount>0</RetryCount>
<RetryInterval>1000</RetryInterval>
<MultipleOutputs>off</MultipleOutputs>
<IteratorType>XPATH</IteratorType>
<Timeout>0</Timeout>
<MethodRewriteType>GET</MethodRewriteType>
<MethodType>POST</MethodType>
<MethodType2>POST</MethodType2></StylePolicyAction><StylePolicyAction name="GeonamesPP_rule_request_results_output_0" xmlns:env="http://www.w3.org/2003/05/soap-envelope" xmlns:dp="http://www.datapower.com/schemas/management">
<mAdminState>enabled</mAdminState>
<Type>results</Type>
<Input>dpvar_1</Input>
<ActionDebug persisted="false">off</ActionDebug>
<NamedInOutLocationType>default</NamedInOutLocationType>
<OutputType>default</OutputType>
<Transactional>off</Transactional>
<SOAPValidation>body</SOAPValidation>
<SQLSourceType>static</SQLSourceType>
<Asynchronous>off</Asynchronous>
<ResultsMode>first-available</ResultsMode>
<RetryCount>0</RetryCount>
<RetryInterval>1000</RetryInterval>
<MultipleOutputs>off</MultipleOutputs>
<IteratorType>XPATH</IteratorType>
<Timeout>0</Timeout>
<MethodRewriteType>GET</MethodRewriteType>
<MethodType>POST</MethodType>
<MethodType2>POST</MethodType2></StylePolicyAction><StylePolicyRule name="GeonamesPP_rule_request" xmlns:env="http://www.w3.org/2003/05/soap-envelope" xmlns:dp="http://www.datapower.com/schemas/management">
<mAdminState>enabled</mAdminState>
<Direction>request-rule</Direction>
<InputFormat>none</InputFormat>
<OutputFormat>none</OutputFormat>
<NonXMLProcessing>off</NonXMLProcessing>
<Unprocessed>off</Unprocessed>
<Actions class="StylePolicyAction">GeonamesPP_rule_request_gatewayscript_0</Actions>
<Actions class="StylePolicyAction">GeonamesPP_rule_request_setvar_0</Actions>
<Actions class="StylePolicyAction">GeonamesPP_rule_request_results_output_0</Actions></StylePolicyRule><StylePolicy name="GeonamesPP" xmlns:env="http://www.w3.org/2003/05/soap-envelope" xmlns:dp="http://www.datapower.com/schemas/management">
<mAdminState>enabled</mAdminState>
<DefStylesheetForSoap>store:///filter-reject-all.xsl</DefStylesheetForSoap>
<DefStylesheetForXsl>store:///identity.xsl</DefStylesheetForXsl>
<DefXQueryForJSON>store:///reject-all-json.xq</DefXQueryForJSON>
<PolicyMaps>
<Match class="Matching">__default-accept-service-providers__</Match>
<Rule class="StylePolicyRule">GeonamesPP_rule_request</Rule></PolicyMaps></StylePolicy><PolicyAttachments name="GeonamesMPGW" xmlns:env="http://www.w3.org/2003/05/soap-envelope" xmlns:dp="http://www.datapower.com/schemas/management">
<mAdminState>enabled</mAdminState>
<EnforcementMode>enforce</EnforcementMode>
<PolicyReferences>on</PolicyReferences>
<SLAEnforcementMode>allow-if-no-sla</SLAEnforcementMode></PolicyAttachments><MultiProtocolGateway name="GeonamesMPGW" xmlns:env="http://www.w3.org/2003/05/soap-envelope" xmlns:dp="http://www.datapower.com/schemas/management">
<mAdminState>enabled</mAdminState>
<UserSummary>Geonames place lookup</UserSummary>
<Priority>normal</Priority>
<FrontProtocol class="HTTPSourceProtocolHandler">GeonamesHTTPFSH</FrontProtocol>
<XMLManager class="XMLManager">default</XMLManager>
<DefaultParamNamespace>http://www.datapower.com/param/config</DefaultParamNamespace>
<QueryParamNamespace>http://www.datapower.com/param/query</QueryParamNamespace>
<BackendUrl>http://dummy</BackendUrl>
<PropagateURI>on</PropagateURI>
<MonitorProcessingPolicy>terminate-at-first-throttle</MonitorProcessingPolicy>
<RequestAttachments>strip</RequestAttachments>
<ResponseAttachments>strip</ResponseAttachments>
<RequestAttachmentsFlowControl>off</RequestAttachmentsFlowControl>
<ResponseAttachmentsFlowControl>off</ResponseAttachmentsFlowControl>
<RootPartNotFirstAction>process-in-order</RootPartNotFirstAction>
<FrontAttachmentFormat>dynamic</FrontAttachmentFormat>
<BackAttachmentFormat>dynamic</BackAttachmentFormat>
<MIMEFrontHeaders>on</MIMEFrontHeaders>
<MIMEBackHeaders>on</MIMEBackHeaders>
<StreamOutputToBack>buffer-until-verification</StreamOutputToBack>
<StreamOutputToFront>buffer-until-verification</StreamOutputToFront>
<MaxMessageSize>0</MaxMessageSize>
<GatewayParserLimits>off</GatewayParserLimits>
<ParserLimitsElementDepth>512</ParserLimitsElementDepth>
<ParserLimitsAttributeCount>128</ParserLimitsAttributeCount>
<ParserLimitsMaxNodeSize>33554432</ParserLimitsMaxNodeSize>
<ParserLimitsForbidExternalReferences>on</ParserLimitsForbidExternalReferences>
<ParserLimitsExternalReferences>forbid</ParserLimitsExternalReferences>
<ParserLimitsMaxPrefixes>1024</ParserLimitsMaxPrefixes>
<ParserLimitsMaxNamespaces>1024</ParserLimitsMaxNamespaces>
<ParserLimitsMaxLocalNames>60000</ParserLimitsMaxLocalNames>
<ParserLimitsAttachmentByteCount>2000000000</ParserLimitsAttachmentByteCount>
<ParserLimitsAttachmentPackageByteCount>0</ParserLimitsAttachmentPackageByteCount>
<DebugMode persisted="false">off</DebugMode>
<DebuggerType>internal</DebuggerType>
<DebugHistory>25</DebugHistory>
<FlowControl>off</FlowControl>
<SOAPSchemaURL>store:///schemas/soap-envelope.xsd</SOAPSchemaURL>
<FrontTimeout>120</FrontTimeout>
<BackTimeout>120</BackTimeout>
<FrontPersistentTimeout>180</FrontPersistentTimeout>
<BackPersistentTimeout>180</BackPersistentTimeout>
<IncludeResponseTypeEncoding>off</IncludeResponseTypeEncoding>
<BackHTTPVersion>HTTP/1.1</BackHTTPVersion>
<PersistentConnections>on</PersistentConnections>
<LoopDetection>off</LoopDetection>
<DoHostRewriting>on</DoHostRewriting>
<DoChunkedUpload>off</DoChunkedUpload>
<ProcessHTTPErrors>on</ProcessHTTPErrors>
<HTTPClientIPLabel>X-Client-IP</HTTPClientIPLabel>
<HTTPLogCorIDLabel>X-Global-Transaction-ID</HTTPLogCorIDLabel>
<InOrderMode>
<Request>off</Request>
<Backend>off</Backend>
<Response>off</Response></InOrderMode>
<WSAMode>sync2sync</WSAMode>
<WSARequireAAA>on</WSARequireAAA>
<WSAStrip>on</WSAStrip>
<WSADefaultReplyTo>http://schemas.xmlsoap.org/ws/2004/08/addressing/role/anonymous</WSADefaultReplyTo>
<WSADefaultFaultTo>http://schemas.xmlsoap.org/ws/2004/08/addressing/role/anonymous</WSADefaultFaultTo>
<WSAForce>off</WSAForce>
<WSAGenStyle>sync</WSAGenStyle>
<WSAHTTPAsyncResponseCode>204</WSAHTTPAsyncResponseCode>
<WSATimeout>120</WSATimeout>
<WSRMEnabled>off</WSRMEnabled>
<WSRMSequenceExpiration>3600</WSRMSequenceExpiration>
<WSRMDestinationAcceptCreateSequence>on</WSRMDestinationAcceptCreateSequence>
<WSRMDestinationMaximumSequences>400</WSRMDestinationMaximumSequences>
<WSRMDestinationInOrder>off</WSRMDestinationInOrder>
<WSRMDestinationMaximumInOrderQueueLength>10</WSRMDestinationMaximumInOrderQueueLength>
<WSRMDestinationAcceptOffers>off</WSRMDestinationAcceptOffers>
<WSRMFrontForce>off</WSRMFrontForce>
<WSRMBackForce>off</WSRMBackForce>
<WSRMBackCreateSequence>off</WSRMBackCreateSequence>
<WSRMFrontCreateSequence>off</WSRMFrontCreateSequence>
<WSRMSourceMakeOffer>off</WSRMSourceMakeOffer>
<WSRMUsesSequenceSSL>off</WSRMUsesSequenceSSL>
<WSRMSourceMaximumSequences>400</WSRMSourceMaximumSequences>
<WSRMSourceRetransmissionInterval>10</WSRMSourceRetransmissionInterval>
<WSRMSourceExponentialBackoff>on</WSRMSourceExponentialBackoff>
<WSRMSourceMaximumRetransmissions>4</WSRMSourceMaximumRetransmissions>
<WSRMSourceMaximumQueueLength>30</WSRMSourceMaximumQueueLength>
<WSRMSourceRequestAckCount>1</WSRMSourceRequestAckCount>
<WSRMSourceInactivityClose>360</WSRMSourceInactivityClose>
<ForcePolicyExec>off</ForcePolicyExec>
<RewriteErrors>on</RewriteErrors>
<DelayErrors>on</DelayErrors>
<DelayErrorsDuration>1000</DelayErrorsDuration>
<RequestType>json</RequestType>
<ResponseType>json</ResponseType>
<FollowRedirects>on</FollowRedirects>
<RewriteLocationHeader>off</RewriteLocationHeader>
<StylePolicy class="StylePolicy">GeonamesPP</StylePolicy>
<Type>static-backend</Type>
<AllowCompression>off</AllowCompression>
<AllowCacheControlHeader>off</AllowCacheControlHeader>
<PolicyAttachments class="PolicyAttachments">GeonamesMPGW</PolicyAttachments>
<GeneratedPolicies class="GeneratedPolicy">__gp_1427362794_0049</GeneratedPolicies>
<WSMAgentMonitor>off</WSMAgentMonitor>
<WSMAgentMonitorPCM>all-messages</WSMAgentMonitorPCM>
<ProxyHTTPResponse>off</ProxyHTTPResponse></MultiProtocolGateway><DomainAvailability name="default" intrinsic="true" xmlns:env="http://www.w3.org/2003/05/soap-envelope" xmlns:dp="http://www.datapower.com/schemas/management">
<mAdminState>disabled</mAdminState>
<MonitoredService>
<WSGatewayName/>
<MultiProtocolGatewayName class="MultiProtocolGateway">GeonamesMPGW</MultiProtocolGatewayName></MonitoredService></DomainAvailability><LogTarget name="default-log" intrinsic="true" xmlns:env="http://www.w3.org/2003/05/soap-envelope" xmlns:dp="http://www.datapower.com/schemas/management">
<mAdminState read-only="true">enabled</mAdminState>
<UserSummary read-only="true">Default Domain Log</UserSummary>
<Type read-only="true">file</Type>
<Priority read-only="true">normal</Priority>
<SoapVersion read-only="true">soap11</SoapVersion>
<Format read-only="true">text</Format>
<TimestampFormat read-only="true">zulu</TimestampFormat>
<FixedFormat read-only="true">off</FixedFormat>
<Size read-only="true">500</Size>
<LocalFile read-only="true">logtemp:///default-log</LocalFile>
<ArchiveMode read-only="true">rotate</ArchiveMode>
<Rotate read-only="true">3</Rotate>
<UseANSIColor read-only="true">off</UseANSIColor>
<SyslogFacility read-only="true">user</SyslogFacility>
<RateLimit read-only="true">100</RateLimit>
<ConnectTimeout read-only="true">60</ConnectTimeout>
<IdleTimeout read-only="true">15</IdleTimeout>
<ActiveTimeout read-only="true">0</ActiveTimeout>
<FeedbackDetection read-only="true">off</FeedbackDetection>
<IdenticalEventSuppression read-only="true">off</IdenticalEventSuppression>
<IdenticalEventPeriod read-only="true">10</IdenticalEventPeriod>
<LogEvents>
<Class class="LogLabel">all</Class>
<Priority>error</Priority></LogEvents>
<LogEvents>
<Class class="LogLabel">mgmt</Class>
<Priority>notice</Priority></LogEvents></LogTarget><NFSDynamicMounts name="default" intrinsic="true" xmlns:env="http://www.w3.org/2003/05/soap-envelope" xmlns:dp="http://www.datapower.com/schemas/management">
<mAdminState>disabled</mAdminState>
<Version>3</Version>
<Transport>tcp</Transport>
<MountType>hard</MountType>
<ReadOnly>off</ReadOnly>
<ReadSize>4096</ReadSize>
<WriteSize>4096</WriteSize>
<Timeout>7</Timeout>
<Retransmissions>3</Retransmissions>
<IdleUnmountSeconds>900</IdleUnmountSeconds>
<MountTimeoutSeconds>30</MountTimeoutSeconds></NFSDynamicMounts><PasswordMap name="default" intrinsic="true" xmlns:env="http://www.w3.org/2003/05/soap-envelope" xmlns:dp="http://www.datapower.com/schemas/management">
<mAdminState>enabled</mAdminState></PasswordMap><ProcessingMetadata name="ftp-usercert-metadata" intrinsic="true" xmlns:env="http://www.w3.org/2003/05/soap-envelope" xmlns:dp="http://www.datapower.com/schemas/management">
<mAdminState>enabled</mAdminState>
<MetaItem>
<MetaCategory>variable</MetaCategory>
<MetaName>dn</MetaName>
<DataSource>var://context/INPUT/ftp/tls/client-subject-dn</DataSource></MetaItem>
<MetaItem>
<MetaCategory>variable</MetaCategory>
<MetaName>issuer</MetaName>
<DataSource>var://context/INPUT/ftp/tls/client-issuer-dn</DataSource></MetaItem>
<MetaItem>
<MetaCategory>variable</MetaCategory>
<MetaName>serial</MetaName>
<DataSource>var://context/INPUT/ftp/tls/client-serial-number</DataSource></MetaItem></ProcessingMetadata><ProcessingMetadata name="ftp-username-metadata" intrinsic="true" xmlns:env="http://www.w3.org/2003/05/soap-envelope" xmlns:dp="http://www.datapower.com/schemas/management">
<mAdminState>enabled</mAdminState>
<MetaItem>
<MetaCategory>variable</MetaCategory>
<MetaName>dn</MetaName>
<DataSource>var://context/INPUT/ftp/tls/client-subject-dn</DataSource></MetaItem>
<MetaItem>
<MetaCategory>variable</MetaCategory>
<MetaName>issuer</MetaName>
<DataSource>var://context/INPUT/ftp/tls/client-issuer-dn</DataSource></MetaItem>
<MetaItem>
<MetaCategory>variable</MetaCategory>
<MetaName>password</MetaName>
<DataSource>var://context/INPUT/ftp/password</DataSource></MetaItem>
<MetaItem>
<MetaCategory>variable</MetaCategory>
<MetaName>serial</MetaName>
<DataSource>var://context/INPUT/ftp/tls/client-serial-number</DataSource></MetaItem>
<MetaItem>
<MetaCategory>variable</MetaCategory>
<MetaName>username</MetaName>
<DataSource>var://context/INPUT/ftp/username</DataSource></MetaItem></ProcessingMetadata><ProcessingMetadata name="oauth-scope-metadata" intrinsic="true" xmlns:env="http://www.w3.org/2003/05/soap-envelope" xmlns:dp="http://www.datapower.com/schemas/management">
<mAdminState>enabled</mAdminState>
<MetaItem>
<MetaCategory>variable</MetaCategory>
<MetaName>scope</MetaName>
<DataSource>var://context/INPUT/oauth/verified-scope</DataSource></MetaItem></ProcessingMetadata><ProcessingMetadata name="ssh-password-metadata" intrinsic="true" xmlns:env="http://www.w3.org/2003/05/soap-envelope" xmlns:dp="http://www.datapower.com/schemas/management">
<mAdminState>enabled</mAdminState>
<MetaItem>
<MetaCategory>variable</MetaCategory>
<MetaName>password</MetaName>
<DataSource>var://context/INPUT/ssh/password</DataSource></MetaItem>
<MetaItem>
<MetaCategory>variable</MetaCategory>
<MetaName>publickey</MetaName>
<DataSource>var://context/INPUT/ssh/publickey</DataSource></MetaItem>
<MetaItem>
<MetaCategory>variable</MetaCategory>
<MetaName>username</MetaName>
<DataSource>var://context/INPUT/ssh/username</DataSource></MetaItem></ProcessingMetadata><SLMAction name="notify" xmlns:env="http://www.w3.org/2003/05/soap-envelope" xmlns:dp="http://www.datapower.com/schemas/management">
<mAdminState>enabled</mAdminState>
<Type>log-only</Type>
<LogLevel>warn</LogLevel></SLMAction><SLMAction name="shape" xmlns:env="http://www.w3.org/2003/05/soap-envelope" xmlns:dp="http://www.datapower.com/schemas/management">
<mAdminState>enabled</mAdminState>
<Type>shape</Type>
<LogLevel>debug</LogLevel></SLMAction><SLMAction name="throttle" xmlns:env="http://www.w3.org/2003/05/soap-envelope" xmlns:dp="http://www.datapower.com/schemas/management">
<mAdminState>enabled</mAdminState>
<Type>reject</Type>
<LogLevel>debug</LogLevel></SLMAction><Statistics name="default" intrinsic="true" xmlns:env="http://www.w3.org/2003/05/soap-envelope" xmlns:dp="http://www.datapower.com/schemas/management">
<mAdminState>disabled</mAdminState>
<LoadInterval read-only="true">1000</LoadInterval></Statistics><StylePolicy name="default" intrinsic="true" xmlns:env="http://www.w3.org/2003/05/soap-envelope" xmlns:dp="http://www.datapower.com/schemas/management">
<mAdminState>enabled</mAdminState>
<UserSummary>Default Processing Policy</UserSummary>
<DefStylesheetForSoap>store:///filter-reject-all.xsl</DefStylesheetForSoap>
<DefStylesheetForXsl>store:///identity.xsl</DefStylesheetForXsl>
<DefXQueryForJSON>store:///reject-all-json.xq</DefXQueryForJSON></StylePolicy><StylePolicyAction name="__default-accept-service-providers-filter-action__" intrinsic="true" xmlns:env="http://www.w3.org/2003/05/soap-envelope" xmlns:dp="http://www.datapower.com/schemas/management">
<mAdminState>enabled</mAdminState>
<Type>filter</Type>
<Input>NULL</Input>
<Transform>store:///filter-accept-service-providers.xsl</Transform>
<ActionDebug persisted="false">off</ActionDebug>
<NamedInOutLocationType>default</NamedInOutLocationType>
<Transactional>off</Transactional>
<SOAPValidation>body</SOAPValidation>
<SQLSourceType>static</SQLSourceType>
<Asynchronous>off</Asynchronous>
<ResultsMode>first-available</ResultsMode>
<RetryCount>0</RetryCount>
<RetryInterval>1000</RetryInterval>
<MultipleOutputs>off</MultipleOutputs>
<IteratorType>XPATH</IteratorType>
<Timeout>0</Timeout>
<MethodRewriteType>GET</MethodRewriteType>
<MethodType>POST</MethodType>
<MethodType2>POST</MethodType2></StylePolicyAction><StylePolicyAction name="__default-accept-service-providers-results-action__" intrinsic="true" xmlns:env="http://www.w3.org/2003/05/soap-envelope" xmlns:dp="http://www.datapower.com/schemas/management">
<mAdminState>enabled</mAdminState>
<Type>results</Type>
<Input>INPUT</Input>
<ActionDebug persisted="false">off</ActionDebug>
<NamedInOutLocationType>default</NamedInOutLocationType>
<Transactional>off</Transactional>
<SOAPValidation>body</SOAPValidation>
<SQLSourceType>static</SQLSourceType>
<Asynchronous>off</Asynchronous>
<ResultsMode>first-available</ResultsMode>
<RetryCount>0</RetryCount>
<RetryInterval>1000</RetryInterval>
<MultipleOutputs>off</MultipleOutputs>
<IteratorType>XPATH</IteratorType>
<Timeout>0</Timeout>
<MethodRewriteType>GET</MethodRewriteType>
<MethodType>POST</MethodType>
<MethodType2>POST</MethodType2></StylePolicyAction><StylePolicyRule name="__default-accept-service-providers-request__" intrinsic="true" xmlns:env="http://www.w3.org/2003/05/soap-envelope" xmlns:dp="http://www.datapower.com/schemas/management">
<mAdminState>enabled</mAdminState>
<UserSummary>Accept messages intended for known services, reject everything else.</UserSummary>
<Direction>request-rule</Direction>
<InputFormat>none</InputFormat>
<OutputFormat>none</OutputFormat>
<NonXMLProcessing>off</NonXMLProcessing>
<Unprocessed>off</Unprocessed>
<Actions class="StylePolicyAction">__default-accept-service-providers-filter-action__</Actions>
<Actions class="StylePolicyAction">__default-accept-service-providers-results-action__</Actions></StylePolicyRule><StylePolicyRule name="__default-accept-service-providers-response__" intrinsic="true" xmlns:env="http://www.w3.org/2003/05/soap-envelope" xmlns:dp="http://www.datapower.com/schemas/management">
<mAdminState>enabled</mAdminState>
<UserSummary>Accept responses received from known services.</UserSummary>
<Direction>response-rule</Direction>
<InputFormat>none</InputFormat>
<OutputFormat>none</OutputFormat>
<NonXMLProcessing>off</NonXMLProcessing>
<Unprocessed>off</Unprocessed>
<Actions class="StylePolicyAction">__default-accept-service-providers-results-action__</Actions></StylePolicyRule><StylePolicy name="default-accept-service-providers" intrinsic="true" xmlns:env="http://www.w3.org/2003/05/soap-envelope" xmlns:dp="http://www.datapower.com/schemas/management">
<mAdminState>enabled</mAdminState>
<UserSummary>Default Processing Policy which accepts only messages that match known WSRR services in a Multi-Protocol Gateway.</UserSummary>
<DefStylesheetForSoap>store:///filter-reject-all.xsl</DefStylesheetForSoap>
<DefStylesheetForXsl>store:///identity.xsl</DefStylesheetForXsl>
<DefXQueryForJSON>store:///reject-all-json.xq</DefXQueryForJSON>
<PolicyMaps>
<Match class="Matching">__default-accept-service-providers__</Match>
<Rule class="StylePolicyRule">__default-accept-service-providers-request__</Rule></PolicyMaps>
<PolicyMaps>
<Match class="Matching">__default-accept-service-providers__</Match>
<Rule class="StylePolicyRule">__default-accept-service-providers-response__</Rule></PolicyMaps></StylePolicy><WebServicesAgent name="default" intrinsic="true" xmlns:env="http://www.w3.org/2003/05/soap-envelope" xmlns:dp="http://www.datapower.com/schemas/management">
<mAdminState>enabled</mAdminState>
<MaxRecords>3000</MaxRecords>
<MaxMemoryKB>64000</MaxMemoryKB>
<CaptureMode>faults</CaptureMode>
<BufferMode>discard</BufferMode>
<MediationMetrics>off</MediationMetrics>
<PushInterval>100</PushInterval></WebServicesAgent><WSStylePolicy name="default" intrinsic="true" xmlns:env="http://www.w3.org/2003/05/soap-envelope" xmlns:dp="http://www.datapower.com/schemas/management">
<mAdminState>enabled</mAdminState>
<UserSummary>Default Processing Policy</UserSummary>
<DefStylesheetForSoap>store:///filter-reject-all.xsl</DefStylesheetForSoap>
<DefStylesheetForXsl>store:///identity.xsl</DefStylesheetForXsl></WSStylePolicy><XMLManager name="default-attempt-stream" intrinsic="true" xmlns:env="http://www.w3.org/2003/05/soap-envelope" xmlns:dp="http://www.datapower.com/schemas/management">
<mAdminState>enabled</mAdminState>
<UserSummary>Default Streaming XML-Manager</UserSummary>
<CompileOptionsPolicy class="CompileOptionsPolicy">default-attempt-stream</CompileOptionsPolicy>
<CacheSize>256</CacheSize>
<SHA1Caching>on</SHA1Caching>
<StaticDocumentCalls>on</StaticDocumentCalls>
<SearchResults>on</SearchResults>
<SupportTxWarn>off</SupportTxWarn>
<Memoization>on</Memoization>
<ParserLimitsBytesScanned>268435456</ParserLimitsBytesScanned>
<ParserLimitsElementDepth>512</ParserLimitsElementDepth>
<ParserLimitsAttributeCount>128</ParserLimitsAttributeCount>
<ParserLimitsMaxNodeSize>268435456</ParserLimitsMaxNodeSize>
<ParserLimitsForbidExternalReferences>on</ParserLimitsForbidExternalReferences>
<ParserLimitsExternalReferences>forbid</ParserLimitsExternalReferences>
<ParserLimitsMaxPrefixes>1024</ParserLimitsMaxPrefixes>
<ParserLimitsMaxNamespaces>1024</ParserLimitsMaxNamespaces>
<ParserLimitsMaxLocalNames>60000</ParserLimitsMaxLocalNames>
<DocCacheMaxDocs>5000</DocCacheMaxDocs>
<DocCacheSize>0</DocCacheSize>
<UserAgent class="HTTPUserAgent">default</UserAgent></XMLManager><XMLManager name="default-wsrr" xmlns:env="http://www.w3.org/2003/05/soap-envelope" xmlns:dp="http://www.datapower.com/schemas/management">
<mAdminState>enabled</mAdminState>
<UserSummary>WSRR XML-Manager</UserSummary>
<CacheSize>256</CacheSize>
<SHA1Caching>on</SHA1Caching>
<StaticDocumentCalls>on</StaticDocumentCalls>
<SearchResults>on</SearchResults>
<SupportTxWarn>off</SupportTxWarn>
<Memoization>on</Memoization>
<ParserLimitsBytesScanned>4194304</ParserLimitsBytesScanned>
<ParserLimitsElementDepth>512</ParserLimitsElementDepth>
<ParserLimitsAttributeCount>128</ParserLimitsAttributeCount>
<ParserLimitsMaxNodeSize>33554432</ParserLimitsMaxNodeSize>
<ParserLimitsForbidExternalReferences>on</ParserLimitsForbidExternalReferences>
<ParserLimitsExternalReferences>forbid</ParserLimitsExternalReferences>
<ParserLimitsMaxPrefixes>1024</ParserLimitsMaxPrefixes>
<ParserLimitsMaxNamespaces>1024</ParserLimitsMaxNamespaces>
<ParserLimitsMaxLocalNames>60000</ParserLimitsMaxLocalNames>
<DocCacheMaxDocs>5000</DocCacheMaxDocs>
<DocCacheSize>0</DocCacheSize>
<UserAgent class="HTTPUserAgent">default</UserAgent></XMLManager></configuration><files><file name="local:///geonames.js" src="local/geonames.js" location="local" hash="2aH137Sl/09nY+LhJvvNdbWLHIk="/><file name="config:///geonamesDomain.cfg" src="config/geonamesDomain.cfg" location="config" hash="7rpiDYqPfVfzP4izcG8NlGBqlpk="/><file name="webgui:///clixform.xsl" src="dp-aux/clixform.xsl" location="dp-aux" internal="true" hash="h9KFUak1JOD/GgM4s7VBW7d/B9o="/><file name="webgui:///SchemaUtil.xsl" src="dp-aux/SchemaUtil.xsl" location="dp-aux" internal="true" hash="8fmsXUfiaQKycD1E2HoNtTPk95c="/><file name="webgui:///management.xsl" src="dp-aux/management.xsl" location="dp-aux" internal="true" hash="KXMBab7/I+erzg8j5tA0TtMtXNQ="/><file name="webgui:///map-dmz.xsl" src="dp-aux/map-dmz.xsl" location="dp-aux" internal="true" hash="n00B2bmGoH6OdSOW1QRz/SNVbYc="/><file name="webgui:///drMgmt.xml" src="dp-aux/drMgmt.xml" location="dp-aux" internal="true" hash="2MHMSjZqODBUvCGSAVJB/Wt2/l4="/><file name="webgui:///basetypes.xml" src="dp-aux/basetypes.xml" location="dp-aux" internal="true" hash="Qqpcd8dDexjsHqB8FAi+293OHh0="/></files></datapower-configuration>